fips,county,state_ab
0,UNITED STATES,
1000,ALABAMA,
1001,AUTAUGA,AL
1003,BALDWIN,AL
1005,BARBOUR,AL
1007,BIBB,AL
1009,BLOUNT,AL
1011,BULLOCK,AL
1013,BUTLER,AL
1015,CALHOUN,AL
1017,CHAMBERS,AL
1019,CHEROKEE,AL
1021,CHILTON,AL
1023,CHOCTAW,AL
1025,CLARKE,AL
1027,CLAY,AL
1029,CLEBURNE,AL
1031,COFFEE,AL
1033,COLBERT,AL
1035,CONECUH,AL
1037,COOSA,AL
1039,COVINGTON,AL
1041,CRENSHAW,AL
1043,CULLMAN,AL
1045,DALE,AL
1047,DALLAS,AL
1049,DEKALB,AL
1051,ELMORE,AL
1053,ESCAMBIA,AL
1055,ETOWAH,AL
1057,FAYETTE,AL
1059,FRANKLIN,AL
1061,GENEVA,AL
1063,GREENE,AL
1065,HALE,AL
1067,HENRY,AL
1069,HOUSTON,AL
1071,JACKSON,AL
1073,JEFFERSON,AL
1075,LAMAR,AL
1077,LAUDERDALE,AL
1079,LAWRENCE,AL
1081,LEE,AL
1083,LIMESTONE,AL
1085,LOWNDES,AL
1087,MACON,AL
1089,MADISON,AL
1091,MARENGO,AL
1093,MARION,AL
1095,MARSHALL,AL
1097,MOBILE,AL
1099,MONROE,AL
1101,MONTGOMERY,AL
1103,MORGAN,AL
1105,PERRY,AL
1107,PICKENS,AL
1109,PIKE,AL
1111,RANDOLPH,AL
1113,RUSSELL,AL
1115,ST. CLAIR,AL
1117,SHELBY,AL
1119,SUMTER,AL
1121,TALLADEGA,AL
1123,TALLAPOOSA,AL
1125,TUSCALOOSA,AL
1127,WALKER,AL
1129,WASHINGTON,AL
1131,WILCOX,AL
1133,WINSTON,AL
2000,ALASKA,
2013,ALEUTIANS EAST BOROUGH,AK
2016,ALEUTIANS WEST CENSUS AREA,AK
2020,ANCHORAGE MUNICIPALITY,AK
2050,BETHEL CENSUS AREA,AK
2060,BRISTOL BAY BOROUGH,AK
2068,DENALI BOROUGH,AK
2070,DILLINGHAM CENSUS AREA,AK
2090,FAIRBANKS NORTH STAR BOROUGH,AK
2100,HAINES BOROUGH,AK
2105,HOONAH-ANGOON CENSUS AREA,AK
2110,JUNEAU CITY AND BOROUGH,AK
2122,KENAI PENINSULA BOROUGH,AK
2130,KETCHIKAN GATEWAY BOROUGH,AK
2150,KODIAK ISLAND BOROUGH,AK
2164,LAKE AND PENINSULA BOROUGH,AK
2170,MATANUSKA-SUSITNA BOROUGH,AK
2180,NOME CENSUS AREA,AK
2185,NORTH SLOPE BOROUGH,AK
2188,NORTHWEST ARCTIC BOROUGH,AK
2195,PETERSBURG BOROUGH,AK
2198,PRINCE OF WALES-HYDER CENSUS AREA,AK
2220,SITKA CITY AND BOROUGH,AK
2230,SKAGWAY MUNICIPALITY,AK
2240,SOUTHEAST FAIRBANKS CENSUS AREA,AK
2261,VALDEZ-CORDOVA CENSUS AREA,AK
2270,WADE HAMPTON CENSUS AREA,AK
2275,WRANGELL CITY AND BOROUGH,AK
2282,YAKUTAT CITY AND BOROUGH,AK
2290,YUKON-KOYUKUK CENSUS AREA,AK
4000,ARIZONA,
4001,APACHE,AZ
4003,COCHISE,AZ
4005,COCONINO,AZ
4007,GILA,AZ
4009,GRAHAM,AZ
4011,GREENLEE,AZ
4012,LA PAZ,AZ
4013,MARICOPA,AZ
4015,MOHAVE,AZ
4017,NAVAJO,AZ
4019,PIMA,AZ
4021,PINAL,AZ
4023,SANTA CRUZ,AZ
4025,YAVAPAI,AZ
4027,YUMA,AZ
5000,ARKANSAS,
5001,ARKANSAS,AR
5003,ASHLEY,AR
5005,BAXTER,AR
5007,BENTON,AR
5009,BOONE,AR
5011,BRADLEY,AR
5013,CALHOUN,AR
5015,CARROLL,AR
5017,CHICOT,AR
5019,CLARK,AR
5021,CLAY,AR
5023,CLEBURNE,AR
5025,CLEVELAND,AR
5027,COLUMBIA,AR
5029,CONWAY,AR
5031,CRAIGHEAD,AR
5033,CRAWFORD,AR
5035,CRITTENDEN,AR
5037,CROSS,AR
5039,DALLAS,AR
5041,DESHA,AR
5043,DREW,AR
5045,FAULKNER,AR
5047,FRANKLIN,AR
5049,FULTON,AR
5051,GARLAND,AR
5053,GRANT,AR
5055,GREENE,AR
5057,HEMPSTEAD,AR
5059,HOT SPRING,AR
5061,HOWARD,AR
5063,INDEPENDENCE,AR
5065,IZARD,AR
5067,JACKSON,AR
5069,JEFFERSON,AR
5071,JOHNSON,AR
5073,LAFAYETTE,AR
5075,LAWRENCE,AR
5077,LEE,AR
5079,LINCOLN,AR
5081,LITTLE RIVER,AR
5083,LOGAN,AR
5085,LONOKE,AR
5087,MADISON,AR
5089,MARION,AR
5091,MILLER,AR
5093,MISSISSIPPI,AR
5095,MONROE,AR
5097,MONTGOMERY,AR
5099,NEVADA,AR
5101,NEWTON,AR
5103,OUACHITA,AR
5105,PERRY,AR
5107,PHILLIPS,AR
5109,PIKE,AR
5111,POINSETT,AR
5113,POLK,AR
5115,POPE,AR
5117,PRAIRIE,AR
5119,PULASKI,AR
5121,RANDOLPH,AR
5123,ST. FRANCIS,AR
5125,SALINE,AR
5127,SCOTT,AR
5129,SEARCY,AR
5131,SEBASTIAN,AR
5133,SEVIER,AR
5135,SHARP,AR
5137,STONE,AR
5139,UNION,AR
5141,VAN BUREN,AR
5143,WASHINGTON,AR
5145,WHITE,AR
5147,WOODRUFF,AR
5149,YELL,AR
6000,CALIFORNIA,
6001,ALAMEDA,CA
6003,ALPINE,CA
6005,AMADOR,CA
6007,BUTTE,CA
6009,CALAVERAS,CA
6011,COLUSA,CA
6013,CONTRA COSTA,CA
6015,DEL NORTE,CA
6017,EL DORADO,CA
6019,FRESNO,CA
6021,GLENN,CA
6023,HUMBOLDT,CA
6025,IMPERIAL,CA
6027,INYO,CA
6029,KERN,CA
6031,KINGS,CA
6033,LAKE,CA
6035,LASSEN,CA
6037,LOS ANGELES,CA
6039,MADERA,CA
6041,MARIN,CA
6043,MARIPOSA,CA
6045,MENDOCINO,CA
6047,MERCED,CA
6049,MODOC,CA
6051,MONO,CA
6053,MONTEREY,CA
6055,NAPA,CA
6057,NEVADA,CA
6059,ORANGE,CA
6061,PLACER,CA
6063,PLUMAS,CA
6065,RIVERSIDE,CA
6067,SACRAMENTO,CA
6069,SAN BENITO,CA
6071,SAN BERNARDINO,CA
6073,SAN DIEGO,CA
6075,SAN FRANCISCO,CA
6077,SAN JOAQUIN,CA
6079,SAN LUIS OBISPO,CA
6081,SAN MATEO,CA
6083,SANTA BARBARA,CA
6085,SANTA CLARA,CA
6087,SANTA CRUZ,CA
6089,SHASTA,CA
6091,SIERRA,CA
6093,SISKIYOU,CA
6095,SOLANO,CA
6097,SONOMA,CA
6099,STANISLAUS,CA
6101,SUTTER,CA
6103,TEHAMA,CA
6105,TRINITY,CA
6107,TULARE,CA
6109,TUOLUMNE,CA
6111,VENTURA,CA
6113,YOLO,CA
6115,YUBA,CA
8000,COLORADO,
8001,ADAMS,CO
8003,ALAMOSA,CO
8005,ARAPAHOE,CO
8007,ARCHULETA,CO
8009,BACA,CO
8011,BENT,CO
8013,BOULDER,CO
8014,BROOMFIELD,CO
8015,CHAFFEE,CO
8017,CHEYENNE,CO
8019,CLEAR CREEK,CO
8021,CONEJOS,CO
8023,COSTILLA,CO
8025,CROWLEY,CO
8027,CUSTER,CO
8029,DELTA,CO
8031,DENVER,CO
8033,DOLORES,CO
8035,DOUGLAS,CO
8037,EAGLE,CO
8039,ELBERT,CO
8041,EL PASO,CO
8043,FREMONT,CO
8045,GARFIELD,CO
8047,GILPIN,CO
8049,GRAND,CO
8051,GUNNISON,CO
8053,HINSDALE,CO
8055,HUERFANO,CO
8057,JACKSON,CO
8059,JEFFERSON,CO
8061,KIOWA,CO
8063,KIT CARSON,CO
8065,LAKE,CO
8067,LA PLATA,CO
8069,LARIMER,CO
8071,LAS ANIMAS,CO
8073,LINCOLN,CO
8075,LOGAN,CO
8077,MESA,CO
8079,MINERAL,CO
8081,MOFFAT,CO
8083,MONTEZUMA,CO
8085,MONTROSE,CO
8087,MORGAN,CO
8089,OTERO,CO
8091,OURAY,CO
8093,PARK,CO
8095,PHILLIPS,CO
8097,PITKIN,CO
8099,PROWERS,CO
8101,PUEBLO,CO
8103,RIO BLANCO,CO
8105,RIO GRANDE,CO
8107,ROUTT,CO
8109,SAGUACHE,CO
8111,SAN JUAN,CO
8113,SAN MIGUEL,CO
8115,SEDGWICK,CO
8117,SUMMIT,CO
8119,TELLER,CO
8121,WASHINGTON,CO
8123,WELD,CO
8125,YUMA,CO
9000,CONNECTICUT,
9001,FAIRFIELD,CT
9003,HARTFORD,CT
9005,LITCHFIELD,CT
9007,MIDDLESEX,CT
9009,NEW HAVEN,CT
9011,NEW LONDON,CT
9013,TOLLAND,CT
9015,WINDHAM,CT
10000,DELAWARE,
10001,KENT,DE
10003,NEW CASTLE,DE
10005,SUSSEX,DE
11000,DISTRICT OF COLUMBIA,
11001,DISTRICT OF COLUMBIA,DC
12000,FLORIDA,
12001,ALACHUA,FL
12003,BAKER,FL
12005,BAY,FL
12007,BRADFORD,FL
12009,BREVARD,FL
12011,BROWARD,FL
12013,CALHOUN,FL
12015,CHARLOTTE,FL
12017,CITRUS,FL
12019,CLAY,FL
12021,COLLIER,FL
12023,COLUMBIA,FL
12027,DESOTO,FL
12029,DIXIE,FL
12031,DUVAL,FL
12033,ESCAMBIA,FL
12035,FLAGLER,FL
12037,FRANKLIN,FL
12039,GADSDEN,FL
12041,GILCHRIST,FL
12043,GLADES,FL
12045,GULF,FL
12047,HAMILTON,FL
12049,HARDEE,FL
12051,HENDRY,FL
12053,HERNANDO,FL
12055,HIGHLANDS,FL
12057,HILLSBOROUGH,FL
12059,HOLMES,FL
12061,INDIAN RIVER,FL
12063,JACKSON,FL
12065,JEFFERSON,FL
12067,LAFAYETTE,FL
12069,LAKE,FL
12071,LEE,FL
12073,LEON,FL
12075,LEVY,FL
12077,LIBERTY,FL
12079,MADISON,FL
12081,MANATEE,FL
12083,MARION,FL
12085,MARTIN,FL
12086,MIAMI-DADE,FL
12087,MONROE,FL
12089,NASSAU,FL
12091,OKALOOSA,FL
12093,OKEECHOBEE,FL
12095,ORANGE,FL
12097,OSCEOLA,FL
12099,PALM BEACH,FL
12101,PASCO,FL
12103,PINELLAS,FL
12105,POLK,FL
12107,PUTNAM,FL
12109,ST. JOHNS,FL
12111,ST. LUCIE,FL
12113,SANTA ROSA,FL
12115,SARASOTA,FL
12117,SEMINOLE,FL
12119,SUMTER,FL
12121,SUWANNEE,FL
12123,TAYLOR,FL
12125,UNION,FL
12127,VOLUSIA,FL
12129,WAKULLA,FL
12131,WALTON,FL
12133,WASHINGTON,FL
13000,GEORGIA,
13001,APPLING,GA
13003,ATKINSON,GA
13005,BACON,GA
13007,BAKER,GA
13009,BALDWIN,GA
13011,BANKS,GA
13013,BARROW,GA
13015,BARTOW,GA
13017,BEN HILL,GA
13019,BERRIEN,GA
13021,BIBB,GA
13023,BLECKLEY,GA
13025,BRANTLEY,GA
13027,BROOKS,GA
13029,BRYAN,GA
13031,BULLOCH,GA
13033,BURKE,GA
13035,BUTTS,GA
13037,CALHOUN,GA
13039,CAMDEN,GA
13043,CANDLER,GA
13045,CARROLL,GA
13047,CATOOSA,GA
13049,CHARLTON,GA
13051,CHATHAM,GA
13053,CHATTAHOOCHEE,GA
13055,CHATTOOGA,GA
13057,CHEROKEE,GA
13059,CLARKE,GA
13061,CLAY,GA
13063,CLAYTON,GA
13065,CLINCH,GA
13067,COBB,GA
13069,COFFEE,GA
13071,COLQUITT,GA
13073,COLUMBIA,GA
13075,COOK,GA
13077,COWETA,GA
13079,CRAWFORD,GA
13081,CRISP,GA
13083,DADE,GA
13085,DAWSON,GA
13087,DECATUR,GA
13089,DEKALB,GA
13091,DODGE,GA
13093,DOOLY,GA
13095,DOUGHERTY,GA
13097,DOUGLAS,GA
13099,EARLY,GA
13101,ECHOLS,GA
13103,EFFINGHAM,GA
13105,ELBERT,GA
13107,EMANUEL,GA
13109,EVANS,GA
13111,FANNIN,GA
13113,FAYETTE,GA
13115,FLOYD,GA
13117,FORSYTH,GA
13119,FRANKLIN,GA
13121,FULTON,GA
13123,GILMER,GA
13125,GLASCOCK,GA
13127,GLYNN,GA
13129,GORDON,GA
13131,GRADY,GA
13133,GREENE,GA
13135,GWINNETT,GA
13137,HABERSHAM,GA
13139,HALL,GA
13141,HANCOCK,GA
13143,HARALSON,GA
13145,HARRIS,GA
13147,HART,GA
13149,HEARD,GA
13151,HENRY,GA
13153,HOUSTON,GA
13155,IRWIN,GA
13157,JACKSON,GA
13159,JASPER,GA
13161,JEFF DAVIS,GA
13163,JEFFERSON,GA
13165,JENKINS,GA
13167,JOHNSON,GA
13169,JONES,GA
13171,LAMAR,GA
13173,LANIER,GA
13175,LAURENS,GA
13177,LEE,GA
13179,LIBERTY,GA
13181,LINCOLN,GA
13183,LONG,GA
13185,LOWNDES,GA
13187,LUMPKIN,GA
13189,MCDUFFIE,GA
13191,MCINTOSH,GA
13193,MACON,GA
13195,MADISON,GA
13197,MARION,GA
13199,MERIWETHER,GA
13201,MILLER,GA
13205,MITCHELL,GA
13207,MONROE,GA
13209,MONTGOMERY,GA
13211,MORGAN,GA
13213,MURRAY,GA
13215,MUSCOGEE,GA
13217,NEWTON,GA
13219,OCONEE,GA
13221,OGLETHORPE,GA
13223,PAULDING,GA
13225,PEACH,GA
13227,PICKENS,GA
13229,PIERCE,GA
13231,PIKE,GA
13233,POLK,GA
13235,PULASKI,GA
13237,PUTNAM,GA
13239,QUITMAN,GA
13241,RABUN,GA
13243,RANDOLPH,GA
13245,RICHMOND,GA
13247,ROCKDALE,GA
13249,SCHLEY,GA
13251,SCREVEN,GA
13253,SEMINOLE,GA
13255,SPALDING,GA
13257,STEPHENS,GA
13259,STEWART,GA
13261,SUMTER,GA
13263,TALBOT,GA
13265,TALIAFERRO,GA
13267,TATTNALL,GA
13269,TAYLOR,GA
13271,TELFAIR,GA
13273,TERRELL,GA
13275,THOMAS,GA
13277,TIFT,GA
13279,TOOMBS,GA
13281,TOWNS,GA
13283,TREUTLEN,GA
13285,TROUP,GA
13287,TURNER,GA
13289,TWIGGS,GA
13291,UNION,GA
13293,UPSON,GA
13295,WALKER,GA
13297,WALTON,GA
13299,WARE,GA
13301,WARREN,GA
13303,WASHINGTON,GA
13305,WAYNE,GA
13307,WEBSTER,GA
13309,WHEELER,GA
13311,WHITE,GA
13313,WHITFIELD,GA
13315,WILCOX,GA
13317,WILKES,GA
13319,WILKINSON,GA
13321,WORTH,GA
15000,HAWAII,
15001,HAWAII,HI
15003,HONOLULU,HI
15005,KALAWAO,HI
15007,KAUAI,HI
15009,MAUI,HI
16000,IDAHO,
16001,ADA,ID
16003,ADAMS,ID
16005,BANNOCK,ID
16007,BEAR LAKE,ID
16009,BENEWAH,ID
16011,BINGHAM,ID
16013,BLAINE,ID
16015,BOISE,ID
16017,BONNER,ID
16019,BONNEVILLE,ID
16021,BOUNDARY,ID
16023,BUTTE,ID
16025,CAMAS,ID
16027,CANYON,ID
16029,CARIBOU,ID
16031,CASSIA,ID
16033,CLARK,ID
16035,CLEARWATER,ID
16037,CUSTER,ID
16039,ELMORE,ID
16041,FRANKLIN,ID
16043,FREMONT,ID
16045,GEM,ID
16047,GOODING,ID
16049,IDAHO,ID
16051,JEFFERSON,ID
16053,JEROME,ID
16055,KOOTENAI,ID
16057,LATAH,ID
16059,LEMHI,ID
16061,LEWIS,ID
16063,LINCOLN,ID
16065,MADISON,ID
16067,MINIDOKA,ID
16069,NEZ PERCE,ID
16071,ONEIDA,ID
16073,OWYHEE,ID
16075,PAYETTE,ID
16077,POWER,ID
16079,SHOSHONE,ID
16081,TETON,ID
16083,TWIN FALLS,ID
16085,VALLEY,ID
16087,WASHINGTON,ID
17000,ILLINOIS,
17001,ADAMS,IL
17003,ALEXANDER,IL
17005,BOND,IL
17007,BOONE,IL
17009,BROWN,IL
17011,BUREAU,IL
17013,CALHOUN,IL
17015,CARROLL,IL
17017,CASS,IL
17019,CHAMPAIGN,IL
17021,CHRISTIAN,IL
17023,CLARK,IL
17025,CLAY,IL
17027,CLINTON,IL
17029,COLES,IL
17031,COOK,IL
17033,CRAWFORD,IL
17035,CUMBERLAND,IL
17037,DEKALB,IL
17039,DE WITT,IL
17041,DOUGLAS,IL
17043,DUPAGE,IL
17045,EDGAR,IL
17047,EDWARDS,IL
17049,EFFINGHAM,IL
17051,FAYETTE,IL
17053,FORD,IL
17055,FRANKLIN,IL
17057,FULTON,IL
17059,GALLATIN,IL
17061,GREENE,IL
17063,GRUNDY,IL
17065,HAMILTON,IL
17067,HANCOCK,IL
17069,HARDIN,IL
17071,HENDERSON,IL
17073,HENRY,IL
17075,IROQUOIS,IL
17077,JACKSON,IL
17079,JASPER,IL
17081,JEFFERSON,IL
17083,JERSEY,IL
17085,JO DAVIESS,IL
17087,JOHNSON,IL
17089,KANE,IL
17091,KANKAKEE,IL
17093,KENDALL,IL
17095,KNOX,IL
17097,LAKE,IL
17099,LASALLE,IL
17101,LAWRENCE,IL
17103,LEE,IL
17105,LIVINGSTON,IL
17107,LOGAN,IL
17109,MCDONOUGH,IL
17111,MCHENRY,IL
17113,MCLEAN,IL
17115,MACON,IL
17117,MACOUPIN,IL
17119,MADISON,IL
17121,MARION,IL
17123,MARSHALL,IL
17125,MASON,IL
17127,MASSAC,IL
17129,MENARD,IL
17131,MERCER,IL
17133,MONROE,IL
17135,MONTGOMERY,IL
17137,MORGAN,IL
17139,MOULTRIE,IL
17141,OGLE,IL
17143,PEORIA,IL
17145,PERRY,IL
17147,PIATT,IL
17149,PIKE,IL
17151,POPE,IL
17153,PULASKI,IL
17155,PUTNAM,IL
17157,RANDOLPH,IL
17159,RICHLAND,IL
17161,ROCK ISLAND,IL
17163,ST. CLAIR,IL
17165,SALINE,IL
17167,SANGAMON,IL
17169,SCHUYLER,IL
17171,SCOTT,IL
17173,SHELBY,IL
17175,STARK,IL
17177,STEPHENSON,IL
17179,TAZEWELL,IL
17181,UNION,IL
17183,VERMILION,IL
17185,WABASH,IL
17187,WARREN,IL
17189,WASHINGTON,IL
17191,WAYNE,IL
17193,WHITE,IL
17195,WHITESIDE,IL
17197,WILL,IL
17199,WILLIAMSON,IL
17201,WINNEBAGO,IL
17203,WOODFORD,IL
18000,INDIANA,
18001,ADAMS,IN
18003,ALLEN,IN
18005,BARTHOLOMEW,IN
18007,BENTON,IN
18009,BLACKFORD,IN
18011,BOONE,IN
18013,BROWN,IN
18015,CARROLL,IN
18017,CASS,IN
18019,CLARK,IN
18021,CLAY,IN
18023,CLINTON,IN
18025,CRAWFORD,IN
18027,DAVIESS,IN
18029,DEARBORN,IN
18031,DECATUR,IN
18033,DEKALB,IN
18035,DELAWARE,IN
18037,DUBOIS,IN
18039,ELKHART,IN
18041,FAYETTE,IN
18043,FLOYD,IN
18045,FOUNTAIN,IN
18047,FRANKLIN,IN
18049,FULTON,IN
18051,GIBSON,IN
18053,GRANT,IN
18055,GREENE,IN
18057,HAMILTON,IN
18059,HANCOCK,IN
18061,HARRISON,IN
18063,HENDRICKS,IN
18065,HENRY,IN
18067,HOWARD,IN
18069,HUNTINGTON,IN
18071,JACKSON,IN
18073,JASPER,IN
18075,JAY,IN
18077,JEFFERSON,IN
18079,JENNINGS,IN
18081,JOHNSON,IN
18083,KNOX,IN
18085,KOSCIUSKO,IN
18087,LAGRANGE,IN
18089,LAKE,IN
18091,LAPORTE,IN
18093,LAWRENCE,IN
18095,MADISON,IN
18097,MARION,IN
18099,MARSHALL,IN
18101,MARTIN,IN
18103,MIAMI,IN
18105,MONROE,IN
18107,MONTGOMERY,IN
18109,MORGAN,IN
18111,NEWTON,IN
18113,NOBLE,IN
18115,OHIO,IN
18117,ORANGE,IN
18119,OWEN,IN
18121,PARKE,IN
18123,PERRY,IN
18125,PIKE,IN
18127,PORTER,IN
18129,POSEY,IN
18131,PULASKI,IN
18133,PUTNAM,IN
18135,RANDOLPH,IN
18137,RIPLEY,IN
18139,RUSH,IN
18141,ST. JOSEPH,IN
18143,SCOTT,IN
18145,SHELBY,IN
18147,SPENCER,IN
18149,STARKE,IN
18151,STEUBEN,IN
18153,SULLIVAN,IN
18155,SWITZERLAND,IN
18157,TIPPECANOE,IN
18159,TIPTON,IN
18161,UNION,IN
18163,VANDERBURGH,IN
18165,VERMILLION,IN
18167,VIGO,IN
18169,WABASH,IN
18171,WARREN,IN
18173,WARRICK,IN
18175,WASHINGTON,IN
18177,WAYNE,IN
18179,WELLS,IN
18181,WHITE,IN
18183,WHITLEY,IN
19000,IOWA,
19001,ADAIR,IA
19003,ADAMS,IA
19005,ALLAMAKEE,IA
19007,APPANOOSE,IA
19009,AUDUBON,IA
19011,BENTON,IA
19013,BLACK HAWK,IA
19015,BOONE,IA
19017,BREMER,IA
19019,BUCHANAN,IA
19021,BUENA VISTA,IA
19023,BUTLER,IA
19025,CALHOUN,IA
19027,CARROLL,IA
19029,CASS,IA
19031,CEDAR,IA
19033,CERRO GORDO,IA
19035,CHEROKEE,IA
19037,CHICKASAW,IA
19039,CLARKE,IA
19041,CLAY,IA
19043,CLAYTON,IA
19045,CLINTON,IA
19047,CRAWFORD,IA
19049,DALLAS,IA
19051,DAVIS,IA
19053,DECATUR,IA
19055,DELAWARE,IA
19057,DES MOINES,IA
19059,DICKINSON,IA
19061,DUBUQUE,IA
19063,EMMET,IA
19065,FAYETTE,IA
19067,FLOYD,IA
19069,FRANKLIN,IA
19071,FREMONT,IA
19073,GREENE,IA
19075,GRUNDY,IA
19077,GUTHRIE,IA
19079,HAMILTON,IA
19081,HANCOCK,IA
19083,HARDIN,IA
19085,HARRISON,IA
19087,HENRY,IA
19089,HOWARD,IA
19091,HUMBOLDT,IA
19093,IDA,IA
19095,IOWA,IA
19097,JACKSON,IA
19099,JASPER,IA
19101,JEFFERSON,IA
19103,JOHNSON,IA
19105,JONES,IA
19107,KEOKUK,IA
19109,KOSSUTH,IA
19111,LEE,IA
19113,LINN,IA
19115,LOUISA,IA
19117,LUCAS,IA
19119,LYON,IA
19121,MADISON,IA
19123,MAHASKA,IA
19125,MARION,IA
19127,MARSHALL,IA
19129,MILLS,IA
19131,MITCHELL,IA
19133,MONONA,IA
19135,MONROE,IA
19137,MONTGOMERY,IA
19139,MUSCATINE,IA
19141,O'BRIEN,IA
19143,OSCEOLA,IA
19145,PAGE,IA
19147,PALO ALTO,IA
19149,PLYMOUTH,IA
19151,POCAHONTAS,IA
19153,POLK,IA
19155,POTTAWATTAMIE,IA
19157,POWESHIEK,IA
19159,RINGGOLD,IA
19161,SAC,IA
19163,SCOTT,IA
19165,SHELBY,IA
19167,SIOUX,IA
19169,STORY,IA
19171,TAMA,IA
19173,TAYLOR,IA
19175,UNION,IA
19177,VAN BUREN,IA
19179,WAPELLO,IA
19181,WARREN,IA
19183,WASHINGTON,IA
19185,WAYNE,IA
19187,WEBSTER,IA
19189,WINNEBAGO,IA
19191,WINNESHIEK,IA
19193,WOODBURY,IA
19195,WORTH,IA
19197,WRIGHT,IA
20000,KANSAS,
20001,ALLEN,KS
20003,ANDERSON,KS
20005,ATCHISON,KS
20007,BARBER,KS
20009,BARTON,KS
20011,BOURBON,KS
20013,BROWN,KS
20015,BUTLER,KS
20017,CHASE,KS
20019,CHAUTAUQUA,KS
20021,CHEROKEE,KS
20023,CHEYENNE,KS
20025,CLARK,KS
20027,CLAY,KS
20029,CLOUD,KS
20031,COFFEY,KS
20033,COMANCHE,KS
20035,COWLEY,KS
20037,CRAWFORD,KS
20039,DECATUR,KS
20041,DICKINSON,KS
20043,DONIPHAN,KS
20045,DOUGLAS,KS
20047,EDWARDS,KS
20049,ELK,KS
20051,ELLIS,KS
20053,ELLSWORTH,KS
20055,FINNEY,KS
20057,FORD,KS
20059,FRANKLIN,KS
20061,GEARY,KS
20063,GOVE,KS
20065,GRAHAM,KS
20067,GRANT,KS
20069,GRAY,KS
20071,GREELEY,KS
20073,GREENWOOD,KS
20075,HAMILTON,KS
20077,HARPER,KS
20079,HARVEY,KS
20081,HASKELL,KS
20083,HODGEMAN,KS
20085,JACKSON,KS
20087,JEFFERSON,KS
20089,JEWELL,KS
20091,JOHNSON,KS
20093,KEARNY,KS
20095,KINGMAN,KS
20097,KIOWA,KS
20099,LABETTE,KS
20101,LANE,KS
20103,LEAVENWORTH,KS
20105,LINCOLN,KS
20107,LINN,KS
20109,LOGAN,KS
20111,LYON,KS
20113,MCPHERSON,KS
20115,MARION,KS
20117,MARSHALL,KS
20119,MEADE,KS
20121,MIAMI,KS
20123,MITCHELL,KS
20125,MONTGOMERY,KS
20127,MORRIS,KS
20129,MORTON,KS
20131,NEMAHA,KS
20133,NEOSHO,KS
20135,NESS,KS
20137,NORTON,KS
20139,OSAGE,KS
20141,OSBORNE,KS
20143,OTTAWA,KS
20145,PAWNEE,KS
20147,PHILLIPS,KS
20149,POTTAWATOMIE,KS
20151,PRATT,KS
20153,RAWLINS,KS
20155,RENO,KS
20157,REPUBLIC,KS
20159,RICE,KS
20161,RILEY,KS
20163,ROOKS,KS
20165,RUSH,KS
20167,RUSSELL,KS
20169,SALINE,KS
20171,SCOTT,KS
20173,SEDGWICK,KS
20175,SEWARD,KS
20177,SHAWNEE,KS
20179,SHERIDAN,KS
20181,SHERMAN,KS
20183,SMITH,KS
20185,STAFFORD,KS
20187,STANTON,KS
20189,STEVENS,KS
20191,SUMNER,KS
20193,THOMAS,KS
20195,TREGO,KS
20197,WABAUNSEE,KS
20199,WALLACE,KS
20201,WASHINGTON,KS
20203,WICHITA,KS
20205,WILSON,KS
20207,WOODSON,KS
20209,WYANDOTTE,KS
21000,KENTUCKY,
21001,ADAIR,KY
21003,ALLEN,KY
21005,ANDERSON,KY
21007,BALLARD,KY
21009,BARREN,KY
21011,BATH,KY
21013,BELL,KY
21015,BOONE,KY
21017,BOURBON,KY
21019,BOYD,KY
21021,BOYLE,KY
21023,BRACKEN,KY
21025,BREATHITT,KY
21027,BRECKINRIDGE,KY
21029,BULLITT,KY
21031,BUTLER,KY
21033,CALDWELL,KY
21035,CALLOWAY,KY
21037,CAMPBELL,KY
21039,CARLISLE,KY
21041,CARROLL,KY
21043,CARTER,KY
21045,CASEY,KY
21047,CHRISTIAN,KY
21049,CLARK,KY
21051,CLAY,KY
21053,CLINTON,KY
21055,CRITTENDEN,KY
21057,CUMBERLAND,KY
21059,DAVIESS,KY
21061,EDMONSON,KY
21063,ELLIOTT,KY
21065,ESTILL,KY
21067,FAYETTE,KY
21069,FLEMING,KY
21071,FLOYD,KY
21073,FRANKLIN,KY
21075,FULTON,KY
21077,GALLATIN,KY
21079,GARRARD,KY
21081,GRANT,KY
21083,GRAVES,KY
21085,GRAYSON,KY
21087,GREEN,KY
21089,GREENUP,KY
21091,HANCOCK,KY
21093,HARDIN,KY
21095,HARLAN,KY
21097,HARRISON,KY
21099,HART,KY
21101,HENDERSON,KY
21103,HENRY,KY
21105,HICKMAN,KY
21107,HOPKINS,KY
21109,JACKSON,KY
21111,JEFFERSON,KY
21113,JESSAMINE,KY
21115,JOHNSON,KY
21117,KENTON,KY
21119,KNOTT,KY
21121,KNOX,KY
21123,LARUE,KY
21125,LAUREL,KY
21127,LAWRENCE,KY
21129,LEE,KY
21131,LESLIE,KY
21133,LETCHER,KY
21135,LEWIS,KY
21137,LINCOLN,KY
21139,LIVINGSTON,KY
21141,LOGAN,KY
21143,LYON,KY
21145,MCCRACKEN,KY
21147,MCCREARY,KY
21149,MCLEAN,KY
21151,MADISON,KY
21153,MAGOFFIN,KY
21155,MARION,KY
21157,MARSHALL,KY
21159,MARTIN,KY
21161,MASON,KY
21163,MEADE,KY
21165,MENIFEE,KY
21167,MERCER,KY
21169,METCALFE,KY
21171,MONROE,KY
21173,MONTGOMERY,KY
21175,MORGAN,KY
21177,MUHLENBERG,KY
21179,NELSON,KY
21181,NICHOLAS,KY
21183,OHIO,KY
21185,OLDHAM,KY
21187,OWEN,KY
21189,OWSLEY,KY
21191,PENDLETON,KY
21193,PERRY,KY
21195,PIKE,KY
21197,POWELL,KY
21199,PULASKI,KY
21201,ROBERTSON,KY
21203,ROCKCASTLE,KY
21205,ROWAN,KY
21207,RUSSELL,KY
21209,SCOTT,KY
21211,SHELBY,KY
21213,SIMPSON,KY
21215,SPENCER,KY
21217,TAYLOR,KY
21219,TODD,KY
21221,TRIGG,KY
21223,TRIMBLE,KY
21225,UNION,KY
21227,WARREN,KY
21229,WASHINGTON,KY
21231,WAYNE,KY
21233,WEBSTER,KY
21235,WHITLEY,KY
21237,WOLFE,KY
21239,WOODFORD,KY
22000,LOUISIANA,
22001,ACADIA,LA
22003,ALLEN,LA
22005,ASCENSION,LA
22007,ASSUMPTION,LA
22009,AVOYELLES,LA
22011,BEAUREGARD,LA
22013,BIENVILLE,LA
22015,BOSSIER,LA
22017,CADDO,LA
22019,CALCASIEU,LA
22021,CALDWELL,LA
22023,CAMERON,LA
22025,CATAHOULA,LA
22027,CLAIBORNE,LA
22029,CONCORDIA,LA
22031,DE SOTO,LA
22033,EAST BATON ROUGE,LA
22035,EAST CARROLL,LA
22037,EAST FELICIANA,LA
22039,EVANGELINE,LA
22041,FRANKLIN,LA
22043,GRANT,LA
22045,IBERIA,LA
22047,IBERVILLE,LA
22049,JACKSON,LA
22051,JEFFERSON,LA
22053,JEFFERSON DAVIS,LA
22055,LAFAYETTE,LA
22057,LAFOURCHE,LA
22059,LA SALLE,LA
22061,LINCOLN,LA
22063,LIVINGSTON,LA
22065,MADISON,LA
22067,MOREHOUSE,LA
22069,NATCHITOCHES,LA
22071,ORLEANS,LA
22073,OUACHITA,LA
22075,PLAQUEMINES,LA
22077,POINTE COUPEE,LA
22079,RAPIDES,LA
22081,RED RIVER,LA
22083,RICHLAND,LA
22085,SABINE,LA
22087,ST. BERNARD,LA
22089,ST. CHARLES,LA
22091,ST. HELENA,LA
22093,ST. JAMES,LA
22095,ST. JOHN THE BAPTIST,LA
22097,ST. LANDRY,LA
22099,ST. MARTIN,LA
22101,ST. MARY,LA
22103,ST. TAMMANY,LA
22105,TANGIPAHOA,LA
22107,TENSAS,LA
22109,TERREBONNE,LA
22111,UNION,LA
22113,VERMILION,LA
22115,VERNON,LA
22117,WASHINGTON,LA
22119,WEBSTER,LA
22121,WEST BATON ROUGE,LA
22123,WEST CARROLL,LA
22125,WEST FELICIANA,LA
22127,WINN,LA
23000,MAINE,
23001,ANDROSCOGGIN,ME
23003,AROOSTOOK,ME
23005,CUMBERLAND,ME
23007,FRANKLIN,ME
23009,HANCOCK,ME
23011,KENNEBEC,ME
23013,KNOX,ME
23015,LINCOLN,ME
23017,OXFORD,ME
23019,PENOBSCOT,ME
23021,PISCATAQUIS,ME
23023,SAGADAHOC,ME
23025,SOMERSET,ME
23027,WALDO,ME
23029,WASHINGTON,ME
23031,YORK,ME
24000,MARYLAND,
24001,ALLEGANY,MD
24003,ANNE ARUNDEL,MD
24005,BALTIMORE,MD
24009,CALVERT,MD
24011,CAROLINE,MD
24013,CARROLL,MD
24015,CECIL,MD
24017,CHARLES,MD
24019,DORCHESTER,MD
24021,FREDERICK,MD
24023,GARRETT,MD
24025,HARFORD,MD
24027,HOWARD,MD
24029,KENT,MD
24031,MONTGOMERY,MD
24033,PRINCE GEORGE'S,MD
24035,QUEEN ANNE'S,MD
24037,ST. MARY'S,MD
24039,SOMERSET,MD
24041,TALBOT,MD
24043,WASHINGTON,MD
24045,WICOMICO,MD
24047,WORCESTER,MD
24510,BALTIMORE CITY,MD
25000,MASSACHUSETTS,
25001,BARNSTABLE,MA
25003,BERKSHIRE,MA
25005,BRISTOL,MA
25007,DUKES,MA
25009,ESSEX,MA
25011,FRANKLIN,MA
25013,HAMPDEN,MA
25015,HAMPSHIRE,MA
25017,MIDDLESEX,MA
25019,NANTUCKET,MA
25021,NORFOLK,MA
25023,PLYMOUTH,MA
25025,SUFFOLK,MA
25027,WORCESTER,MA
26000,MICHIGAN,
26001,ALCONA,MI
26003,ALGER,MI
26005,ALLEGAN,MI
26007,ALPENA,MI
26009,ANTRIM,MI
26011,ARENAC,MI
26013,BARAGA,MI
26015,BARRY,MI
26017,BAY,MI
26019,BENZIE,MI
26021,BERRIEN,MI
26023,BRANCH,MI
26025,CALHOUN,MI
26027,CASS,MI
26029,CHARLEVOIX,MI
26031,CHEBOYGAN,MI
26033,CHIPPEWA,MI
26035,CLARE,MI
26037,CLINTON,MI
26039,CRAWFORD,MI
26041,DELTA,MI
26043,DICKINSON,MI
26045,EATON,MI
26047,EMMET,MI
26049,GENESEE,MI
26051,GLADWIN,MI
26053,GOGEBIC,MI
26055,GRAND TRAVERSE,MI
26057,GRATIOT,MI
26059,HILLSDALE,MI
26061,HOUGHTON,MI
26063,HURON,MI
26065,INGHAM,MI
26067,IONIA,MI
26069,IOSCO,MI
26071,IRON,MI
26073,ISABELLA,MI
26075,JACKSON,MI
26077,KALAMAZOO,MI
26079,KALKASKA,MI
26081,KENT,MI
26083,KEWEENAW,MI
26085,LAKE,MI
26087,LAPEER,MI
26089,LEELANAU,MI
26091,LENAWEE,MI
26093,LIVINGSTON,MI
26095,LUCE,MI
26097,MACKINAC,MI
26099,MACOMB,MI
26101,MANISTEE,MI
26103,MARQUETTE,MI
26105,MASON,MI
26107,MECOSTA,MI
26109,MENOMINEE,MI
26111,MIDLAND,MI
26113,MISSAUKEE,MI
26115,MONROE,MI
26117,MONTCALM,MI
26119,MONTMORENCY,MI
26121,MUSKEGON,MI
26123,NEWAYGO,MI
26125,OAKLAND,MI
26127,OCEANA,MI
26129,OGEMAW,MI
26131,ONTONAGON,MI
26133,OSCEOLA,MI
26135,OSCODA,MI
26137,OTSEGO,MI
26139,OTTAWA,MI
26141,PRESQUE ISLE,MI
26143,ROSCOMMON,MI
26145,SAGINAW,MI
26147,ST. CLAIR,MI
26149,ST. JOSEPH,MI
26151,SANILAC,MI
26153,SCHOOLCRAFT,MI
26155,SHIAWASSEE,MI
26157,TUSCOLA,MI
26159,VAN BUREN,MI
26161,WASHTENAW,MI
26163,WAYNE,MI
26165,WEXFORD,MI
27000,MINNESOTA,
27001,AITKIN,MN
27003,ANOKA,MN
27005,BECKER,MN
27007,BELTRAMI,MN
27009,BENTON,MN
27011,BIG STONE,MN
27013,BLUE EARTH,MN
27015,BROWN,MN
27017,CARLTON,MN
27019,CARVER,MN
27021,CASS,MN
27023,CHIPPEWA,MN
27025,CHISAGO,MN
27027,CLAY,MN
27029,CLEARWATER,MN
27031,COOK,MN
27033,COTTONWOOD,MN
27035,CROW WING,MN
27037,DAKOTA,MN
27039,DODGE,MN
27041,DOUGLAS,MN
27043,FARIBAULT,MN
27045,FILLMORE,MN
27047,FREEBORN,MN
27049,GOODHUE,MN
27051,GRANT,MN
27053,HENNEPIN,MN
27055,HOUSTON,MN
27057,HUBBARD,MN
27059,ISANTI,MN
27061,ITASCA,MN
27063,JACKSON,MN
27065,KANABEC,MN
27067,KANDIYOHI,MN
27069,KITTSON,MN
27071,KOOCHICHING,MN
27073,LAC QUI PARLE,MN
27075,LAKE,MN
27077,LAKE OF THE WOODS,MN
27079,LE SUEUR,MN
27081,LINCOLN,MN
27083,LYON,MN
27085,MCLEOD,MN
27087,MAHNOMEN,MN
27089,MARSHALL,MN
27091,MARTIN,MN
27093,MEEKER,MN
27095,MILLE LACS,MN
27097,MORRISON,MN
27099,MOWER,MN
27101,MURRAY,MN
27103,NICOLLET,MN
27105,NOBLES,MN
27107,NORMAN,MN
27109,OLMSTED,MN
27111,OTTER TAIL,MN
27113,PENNINGTON,MN
27115,PINE,MN
27117,PIPESTONE,MN
27119,POLK,MN
27121,POPE,MN
27123,RAMSEY,MN
27125,RED LAKE,MN
27127,REDWOOD,MN
27129,RENVILLE,MN
27131,RICE,MN
27133,ROCK,MN
27135,ROSEAU,MN
27137,ST. LOUIS,MN
27139,SCOTT,MN
27141,SHERBURNE,MN
27143,SIBLEY,MN
27145,STEARNS,MN
27147,STEELE,MN
27149,STEVENS,MN
27151,SWIFT,MN
27153,TODD,MN
27155,TRAVERSE,MN
27157,WABASHA,MN
27159,WADENA,MN
27161,WASECA,MN
27163,WASHINGTON,MN
27165,WATONWAN,MN
27167,WILKIN,MN
27169,WINONA,MN
27171,WRIGHT,MN
27173,YELLOW MEDICINE,MN
28000,MISSISSIPPI,
28001,ADAMS,MS
28003,ALCORN,MS
28005,AMITE,MS
28007,ATTALA,MS
28009,BENTON,MS
28011,BOLIVAR,MS
28013,CALHOUN,MS
28015,CARROLL,MS
28017,CHICKASAW,MS
28019,CHOCTAW,MS
28021,CLAIBORNE,MS
28023,CLARKE,MS
28025,CLAY,MS
28027,COAHOMA,MS
28029,COPIAH,MS
28031,COVINGTON,MS
28033,DESOTO,MS
28035,FORREST,MS
28037,FRANKLIN,MS
28039,GEORGE,MS
28041,GREENE,MS
28043,GRENADA,MS
28045,HANCOCK,MS
28047,HARRISON,MS
28049,HINDS,MS
28051,HOLMES,MS
28053,HUMPHREYS,MS
28055,ISSAQUENA,MS
28057,ITAWAMBA,MS
28059,JACKSON,MS
28061,JASPER,MS
28063,JEFFERSON,MS
28065,JEFFERSON DAVIS,MS
28067,JONES,MS
28069,KEMPER,MS
28071,LAFAYETTE,MS
28073,LAMAR,MS
28075,LAUDERDALE,MS
28077,LAWRENCE,MS
28079,LEAKE,MS
28081,LEE,MS
28083,LEFLORE,MS
28085,LINCOLN,MS
28087,LOWNDES,MS
28089,MADISON,MS
28091,MARION,MS
28093,MARSHALL,MS
28095,MONROE,MS
28097,MONTGOMERY,MS
28099,NESHOBA,MS
28101,NEWTON,MS
28103,NOXUBEE,MS
28105,OKTIBBEHA,MS
28107,PANOLA,MS
28109,PEARL RIVER,MS
28111,PERRY,MS
28113,PIKE,MS
28115,PONTOTOC,MS
28117,PRENTISS,MS
28119,QUITMAN,MS
28121,RANKIN,MS
28123,SCOTT,MS
28125,SHARKEY,MS
28127,SIMPSON,MS
28129,SMITH,MS
28131,STONE,MS
28133,SUNFLOWER,MS
28135,TALLAHATCHIE,MS
28137,TATE,MS
28139,TIPPAH,MS
28141,TISHOMINGO,MS
28143,TUNICA,MS
28145,UNION,MS
28147,WALTHALL,MS
28149,WARREN,MS
28151,WASHINGTON,MS
28153,WAYNE,MS
28155,WEBSTER,MS
28157,WILKINSON,MS
28159,WINSTON,MS
28161,YALOBUSHA,MS
28163,YAZOO,MS
29000,MISSOURI,
29001,ADAIR,MO
29003,ANDREW,MO
29005,ATCHISON,MO
29007,AUDRAIN,MO
29009,BARRY,MO
29011,BARTON,MO
29013,BATES,MO
29015,BENTON,MO
29017,BOLLINGER,MO
29019,BOONE,MO
29021,BUCHANAN,MO
29023,BUTLER,MO
29025,CALDWELL,MO
29027,CALLAWAY,MO
29029,CAMDEN,MO
29031,CAPE GIRARDEAU,MO
29033,CARROLL,MO
29035,CARTER,MO
29037,CASS,MO
29039,CEDAR,MO
29041,CHARITON,MO
29043,CHRISTIAN,MO
29045,CLARK,MO
29047,CLAY,MO
29049,CLINTON,MO
29051,COLE,MO
29053,COOPER,MO
29055,CRAWFORD,MO
29057,DADE,MO
29059,DALLAS,MO
29061,DAVIESS,MO
29063,DEKALB,MO
29065,DENT,MO
29067,DOUGLAS,MO
29069,DUNKLIN,MO
29071,FRANKLIN,MO
29073,GASCONADE,MO
29075,GENTRY,MO
29077,GREENE,MO
29079,GRUNDY,MO
29081,HARRISON,MO
29083,HENRY,MO
29085,HICKORY,MO
29087,HOLT,MO
29089,HOWARD,MO
29091,HOWELL,MO
29093,IRON,MO
29095,JACKSON,MO
29097,JASPER,MO
29099,JEFFERSON,MO
29101,JOHNSON,MO
29103,KNOX,MO
29105,LACLEDE,MO
29107,LAFAYETTE,MO
29109,LAWRENCE,MO
29111,LEWIS,MO
29113,LINCOLN,MO
29115,LINN,MO
29117,LIVINGSTON,MO
29119,MCDONALD,MO
29121,MACON,MO
29123,MADISON,MO
29125,MARIES,MO
29127,MARION,MO
29129,MERCER,MO
29131,MILLER,MO
29133,MISSISSIPPI,MO
29135,MONITEAU,MO
29137,MONROE,MO
29139,MONTGOMERY,MO
29141,MORGAN,MO
29143,NEW MADRID,MO
29145,NEWTON,MO
29147,NODAWAY,MO
29149,OREGON,MO
29151,OSAGE,MO
29153,OZARK,MO
29155,PEMISCOT,MO
29157,PERRY,MO
29159,PETTIS,MO
29161,PHELPS,MO
29163,PIKE,MO
29165,PLATTE,MO
29167,POLK,MO
29169,PULASKI,MO
29171,PUTNAM,MO
29173,RALLS,MO
29175,RANDOLPH,MO
29177,RAY,MO
29179,REYNOLDS,MO
29181,RIPLEY,MO
29183,ST. CHARLES,MO
29185,ST. CLAIR,MO
29186,STE. GENEVIEVE,MO
29187,ST. FRANCOIS,MO
29189,ST. LOUIS,MO
29195,SALINE,MO
29197,SCHUYLER,MO
29199,SCOTLAND,MO
29201,SCOTT,MO
29203,SHANNON,MO
29205,SHELBY,MO
29207,STODDARD,MO
29209,STONE,MO
29211,SULLIVAN,MO
29213,TANEY,MO
29215,TEXAS,MO
29217,VERNON,MO
29219,WARREN,MO
29221,WASHINGTON,MO
29223,WAYNE,MO
29225,WEBSTER,MO
29227,WORTH,MO
29229,WRIGHT,MO
29510,ST. LOUIS CITY,MO
30000,MONTANA,
30001,BEAVERHEAD,MT
30003,BIG HORN,MT
30005,BLAINE,MT
30007,BROADWATER,MT
30009,CARBON,MT
30011,CARTER,MT
30013,CASCADE,MT
30015,CHOUTEAU,MT
30017,CUSTER,MT
30019,DANIELS,MT
30021,DAWSON,MT
30023,DEER LODGE,MT
30025,FALLON,MT
30027,FERGUS,MT
30029,FLATHEAD,MT
30031,GALLATIN,MT
30033,GARFIELD,MT
30035,GLACIER,MT
30037,GOLDEN VALLEY,MT
30039,GRANITE,MT
30041,HILL,MT
30043,JEFFERSON,MT
30045,JUDITH BASIN,MT
30047,LAKE,MT
30049,LEWIS AND CLARK,MT
30051,LIBERTY,MT
30053,LINCOLN,MT
30055,MCCONE,MT
30057,MADISON,MT
30059,MEAGHER,MT
30061,MINERAL,MT
30063,MISSOULA,MT
30065,MUSSELSHELL,MT
30067,PARK,MT
30069,PETROLEUM,MT
30071,PHILLIPS,MT
30073,PONDERA,MT
30075,POWDER RIVER,MT
30077,POWELL,MT
30079,PRAIRIE,MT
30081,RAVALLI,MT
30083,RICHLAND,MT
30085,ROOSEVELT,MT
30087,ROSEBUD,MT
30089,SANDERS,MT
30091,SHERIDAN,MT
30093,SILVER BOW,MT
30095,STILLWATER,MT
30097,SWEET GRASS,MT
30099,TETON,MT
30101,TOOLE,MT
30103,TREASURE,MT
30105,VALLEY,MT
30107,WHEATLAND,MT
30109,WIBAUX,MT
30111,YELLOWSTONE,MT
31000,NEBRASKA,
31001,ADAMS,NE
31003,ANTELOPE,NE
31005,ARTHUR,NE
31007,BANNER,NE
31009,BLAINE,NE
31011,BOONE,NE
31013,BOX BUTTE,NE
31015,BOYD,NE
31017,BROWN,NE
31019,BUFFALO,NE
31021,BURT,NE
31023,BUTLER,NE
31025,CASS,NE
31027,CEDAR,NE
31029,CHASE,NE
31031,CHERRY,NE
31033,CHEYENNE,NE
31035,CLAY,NE
31037,COLFAX,NE
31039,CUMING,NE
31041,CUSTER,NE
31043,DAKOTA,NE
31045,DAWES,NE
31047,DAWSON,NE
31049,DEUEL,NE
31051,DIXON,NE
31053,DODGE,NE
31055,DOUGLAS,NE
31057,DUNDY,NE
31059,FILLMORE,NE
31061,FRANKLIN,NE
31063,FRONTIER,NE
31065,FURNAS,NE
31067,GAGE,NE
31069,GARDEN,NE
31071,GARFIELD,NE
31073,GOSPER,NE
31075,GRANT,NE
31077,GREELEY,NE
31079,HALL,NE
31081,HAMILTON,NE
31083,HARLAN,NE
31085,HAYES,NE
31087,HITCHCOCK,NE
31089,HOLT,NE
31091,HOOKER,NE
31093,HOWARD,NE
31095,JEFFERSON,NE
31097,JOHNSON,NE
31099,KEARNEY,NE
31101,KEITH,NE
31103,KEYA PAHA,NE
31105,KIMBALL,NE
31107,KNOX,NE
31109,LANCASTER,NE
31111,LINCOLN,NE
31113,LOGAN,NE
31115,LOUP,NE
31117,MCPHERSON,NE
31119,MADISON,NE
31121,MERRICK,NE
31123,MORRILL,NE
31125,NANCE,NE
31127,NEMAHA,NE
31129,NUCKOLLS,NE
31131,OTOE,NE
31133,PAWNEE,NE
31135,PERKINS,NE
31137,PHELPS,NE
31139,PIERCE,NE
31141,PLATTE,NE
31143,POLK,NE
31145,RED WILLOW,NE
31147,RICHARDSON,NE
31149,ROCK,NE
31151,SALINE,NE
31153,SARPY,NE
31155,SAUNDERS,NE
31157,SCOTTS BLUFF,NE
31159,SEWARD,NE
31161,SHERIDAN,NE
31163,SHERMAN,NE
31165,SIOUX,NE
31167,STANTON,NE
31169,THAYER,NE
31171,THOMAS,NE
31173,THURSTON,NE
31175,VALLEY,NE
31177,WASHINGTON,NE
31179,WAYNE,NE
31181,WEBSTER,NE
31183,WHEELER,NE
31185,YORK,NE
32000,NEVADA,
32001,CHURCHILL,NV
32003,CLARK,NV
32005,DOUGLAS,NV
32007,ELKO,NV
32009,ESMERALDA,NV
32011,EUREKA,NV
32013,HUMBOLDT,NV
32015,LANDER,NV
32017,LINCOLN,NV
32019,LYON,NV
32021,MINERAL,NV
32023,NYE,NV
32027,PERSHING,NV
32029,STOREY,NV
32031,WASHOE,NV
32033,WHITE PINE,NV
32510,CARSON CITY,NV
33000,NEW HAMPSHIRE,
33001,BELKNAP,NH
33003,CARROLL,NH
33005,CHESHIRE,NH
33007,COOS,NH
33009,GRAFTON,NH
33011,HILLSBOROUGH,NH
33013,MERRIMACK,NH
33015,ROCKINGHAM,NH
33017,STRAFFORD,NH
33019,SULLIVAN,NH
34000,NEW JERSEY,
34001,ATLANTIC,NJ
34003,BERGEN,NJ
34005,BURLINGTON,NJ
34007,CAMDEN,NJ
34009,CAPE MAY,NJ
34011,CUMBERLAND,NJ
34013,ESSEX,NJ
34015,GLOUCESTER,NJ
34017,HUDSON,NJ
34019,HUNTERDON,NJ
34021,MERCER,NJ
34023,MIDDLESEX,NJ
34025,MONMOUTH,NJ
34027,MORRIS,NJ
34029,OCEAN,NJ
34031,PASSAIC,NJ
34033,SALEM,NJ
34035,SOMERSET,NJ
34037,SUSSEX,NJ
34039,UNION,NJ
34041,WARREN,NJ
35000,NEW MEXICO,
35001,BERNALILLO,NM
35003,CATRON,NM
35005,CHAVES,NM
35006,CIBOLA,NM
35007,COLFAX,NM
35009,CURRY,NM
35011,DE BACA,NM
35013,DO̱A ANA,NM
35015,EDDY,NM
35017,GRANT,NM
35019,GUADALUPE,NM
35021,HARDING,NM
35023,HIDALGO,NM
35025,LEA,NM
35027,LINCOLN,NM
35028,LOS ALAMOS,NM
35029,LUNA,NM
35031,MCKINLEY,NM
35033,MORA,NM
35035,OTERO,NM
35037,QUAY,NM
35039,RIO ARRIBA,NM
35041,ROOSEVELT,NM
35043,SANDOVAL,NM
35045,SAN JUAN,NM
35047,SAN MIGUEL,NM
35049,SANTA FE,NM
35051,SIERRA,NM
35053,SOCORRO,NM
35055,TAOS,NM
35057,TORRANCE,NM
35059,UNION,NM
35061,VALENCIA,NM
36000,NEW YORK,
36001,ALBANY,NY
36003,ALLEGANY,NY
36005,BRONX,NY
36007,BROOME,NY
36009,CATTARAUGUS,NY
36011,CAYUGA,NY
36013,CHAUTAUQUA,NY
36015,CHEMUNG,NY
36017,CHENANGO,NY
36019,CLINTON,NY
36021,COLUMBIA,NY
36023,CORTLAND,NY
36025,DELAWARE,NY
36027,DUTCHESS,NY
36029,ERIE,NY
36031,ESSEX,NY
36033,FRANKLIN,NY
36035,FULTON,NY
36037,GENESEE,NY
36039,GREENE,NY
36041,HAMILTON,NY
36043,HERKIMER,NY
36045,JEFFERSON,NY
36047,KINGS,NY
36049,LEWIS,NY
36051,LIVINGSTON,NY
36053,MADISON,NY
36055,MONROE,NY
36057,MONTGOMERY,NY
36059,NASSAU,NY
36061,NEW YORK,NY
36063,NIAGARA,NY
36065,ONEIDA,NY
36067,ONONDAGA,NY
36069,ONTARIO,NY
36071,ORANGE,NY
36073,ORLEANS,NY
36075,OSWEGO,NY
36077,OTSEGO,NY
36079,PUTNAM,NY
36081,QUEENS,NY
36083,RENSSELAER,NY
36085,RICHMOND,NY
36087,ROCKLAND,NY
36089,ST. LAWRENCE,NY
36091,SARATOGA,NY
36093,SCHENECTADY,NY
36095,SCHOHARIE,NY
36097,SCHUYLER,NY
36099,SENECA,NY
36101,STEUBEN,NY
36103,SUFFOLK,NY
36105,SULLIVAN,NY
36107,TIOGA,NY
36109,TOMPKINS,NY
36111,ULSTER,NY
36113,WARREN,NY
36115,WASHINGTON,NY
36117,WAYNE,NY
36119,WESTCHESTER,NY
36121,WYOMING,NY
36123,YATES,NY
37000,NORTH CAROLINA,
37001,ALAMANCE,NC
37003,ALEXANDER,NC
37005,ALLEGHANY,NC
37007,ANSON,NC
37009,ASHE,NC
37011,AVERY,NC
37013,BEAUFORT,NC
37015,BERTIE,NC
37017,BLADEN,NC
37019,BRUNSWICK,NC
37021,BUNCOMBE,NC
37023,BURKE,NC
37025,CABARRUS,NC
37027,CALDWELL,NC
37029,CAMDEN,NC
37031,CARTERET,NC
37033,CASWELL,NC
37035,CATAWBA,NC
37037,CHATHAM,NC
37039,CHEROKEE,NC
37041,CHOWAN,NC
37043,CLAY,NC
37045,CLEVELAND,NC
37047,COLUMBUS,NC
37049,CRAVEN,NC
37051,CUMBERLAND,NC
37053,CURRITUCK,NC
37055,DARE,NC
37057,DAVIDSON,NC
37059,DAVIE,NC
37061,DUPLIN,NC
37063,DURHAM,NC
37065,EDGECOMBE,NC
37067,FORSYTH,NC
37069,FRANKLIN,NC
37071,GASTON,NC
37073,GATES,NC
37075,GRAHAM,NC
37077,GRANVILLE,NC
37079,GREENE,NC
37081,GUILFORD,NC
37083,HALIFAX,NC
37085,HARNETT,NC
37087,HAYWOOD,NC
37089,HENDERSON,NC
37091,HERTFORD,NC
37093,HOKE,NC
37095,HYDE,NC
37097,IREDELL,NC
37099,JACKSON,NC
37101,JOHNSTON,NC
37103,JONES,NC
37105,LEE,NC
37107,LENOIR,NC
37109,LINCOLN,NC
37111,MCDOWELL,NC
37113,MACON,NC
37115,MADISON,NC
37117,MARTIN,NC
37119,MECKLENBURG,NC
37121,MITCHELL,NC
37123,MONTGOMERY,NC
37125,MOORE,NC
37127,NASH,NC
37129,NEW HANOVER,NC
37131,NORTHAMPTON,NC
37133,ONSLOW,NC
37135,ORANGE,NC
37137,PAMLICO,NC
37139,PASQUOTANK,NC
37141,PENDER,NC
37143,PERQUIMANS,NC
37145,PERSON,NC
37147,PITT,NC
37149,POLK,NC
37151,RANDOLPH,NC
37153,RICHMOND,NC
37155,ROBESON,NC
37157,ROCKINGHAM,NC
37159,ROWAN,NC
37161,RUTHERFORD,NC
37163,SAMPSON,NC
37165,SCOTLAND,NC
37167,STANLY,NC
37169,STOKES,NC
37171,SURRY,NC
37173,SWAIN,NC
37175,TRANSYLVANIA,NC
37177,TYRRELL,NC
37179,UNION,NC
37181,VANCE,NC
37183,WAKE,NC
37185,WARREN,NC
37187,WASHINGTON,NC
37189,WATAUGA,NC
37191,WAYNE,NC
37193,WILKES,NC
37195,WILSON,NC
37197,YADKIN,NC
37199,YANCEY,NC
38000,NORTH DAKOTA,
38001,ADAMS,ND
38003,BARNES,ND
38005,BENSON,ND
38007,BILLINGS,ND
38009,BOTTINEAU,ND
38011,BOWMAN,ND
38013,BURKE,ND
38015,BURLEIGH,ND
38017,CASS,ND
38019,CAVALIER,ND
38021,DICKEY,ND
38023,DIVIDE,ND
38025,DUNN,ND
38027,EDDY,ND
38029,EMMONS,ND
38031,FOSTER,ND
38033,GOLDEN VALLEY,ND
38035,GRAND FORKS,ND
38037,GRANT,ND
38039,GRIGGS,ND
38041,HETTINGER,ND
38043,KIDDER,ND
38045,LAMOURE,ND
38047,LOGAN,ND
38049,MCHENRY,ND
38051,MCINTOSH,ND
38053,MCKENZIE,ND
38055,MCLEAN,ND
38057,MERCER,ND
38059,MORTON,ND
38061,MOUNTRAIL,ND
38063,NELSON,ND
38065,OLIVER,ND
38067,PEMBINA,ND
38069,PIERCE,ND
38071,RAMSEY,ND
38073,RANSOM,ND
38075,RENVILLE,ND
38077,RICHLAND,ND
38079,ROLETTE,ND
38081,SARGENT,ND
38083,SHERIDAN,ND
38085,SIOUX,ND
38087,SLOPE,ND
38089,STARK,ND
38091,STEELE,ND
38093,STUTSMAN,ND
38095,TOWNER,ND
38097,TRAILL,ND
38099,WALSH,ND
38101,WARD,ND
38103,WELLS,ND
38105,WILLIAMS,ND
39000,OHIO,
39001,ADAMS,OH
39003,ALLEN,OH
39005,ASHLAND,OH
39007,ASHTABULA,OH
39009,ATHENS,OH
39011,AUGLAIZE,OH
39013,BELMONT,OH
39015,BROWN,OH
39017,BUTLER,OH
39019,CARROLL,OH
39021,CHAMPAIGN,OH
39023,CLARK,OH
39025,CLERMONT,OH
39027,CLINTON,OH
39029,COLUMBIANA,OH
39031,COSHOCTON,OH
39033,CRAWFORD,OH
39035,CUYAHOGA,OH
39037,DARKE,OH
39039,DEFIANCE,OH
39041,DELAWARE,OH
39043,ERIE,OH
39045,FAIRFIELD,OH
39047,FAYETTE,OH
39049,FRANKLIN,OH
39051,FULTON,OH
39053,GALLIA,OH
39055,GEAUGA,OH
39057,GREENE,OH
39059,GUERNSEY,OH
39061,HAMILTON,OH
39063,HANCOCK,OH
39065,HARDIN,OH
39067,HARRISON,OH
39069,HENRY,OH
39071,HIGHLAND,OH
39073,HOCKING,OH
39075,HOLMES,OH
39077,HURON,OH
39079,JACKSON,OH
39081,JEFFERSON,OH
39083,KNOX,OH
39085,LAKE,OH
39087,LAWRENCE,OH
39089,LICKING,OH
39091,LOGAN,OH
39093,LORAIN,OH
39095,LUCAS,OH
39097,MADISON,OH
39099,MAHONING,OH
39101,MARION,OH
39103,MEDINA,OH
39105,MEIGS,OH
39107,MERCER,OH
39109,MIAMI,OH
39111,MONROE,OH
39113,MONTGOMERY,OH
39115,MORGAN,OH
39117,MORROW,OH
39119,MUSKINGUM,OH
39121,NOBLE,OH
39123,OTTAWA,OH
39125,PAULDING,OH
39127,PERRY,OH
39129,PICKAWAY,OH
39131,PIKE,OH
39133,PORTAGE,OH
39135,PREBLE,OH
39137,PUTNAM,OH
39139,RICHLAND,OH
39141,ROSS,OH
39143,SANDUSKY,OH
39145,SCIOTO,OH
39147,SENECA,OH
39149,SHELBY,OH
39151,STARK,OH
39153,SUMMIT,OH
39155,TRUMBULL,OH
39157,TUSCARAWAS,OH
39159,UNION,OH
39161,VAN WERT,OH
39163,VINTON,OH
39165,WARREN,OH
39167,WASHINGTON,OH
39169,WAYNE,OH
39171,WILLIAMS,OH
39173,WOOD,OH
39175,WYANDOT,OH
40000,OKLAHOMA,
40001,ADAIR,OK
40003,ALFALFA,OK
40005,ATOKA,OK
40007,BEAVER,OK
40009,BECKHAM,OK
40011,BLAINE,OK
40013,BRYAN,OK
40015,CADDO,OK
40017,CANADIAN,OK
40019,CARTER,OK
40021,CHEROKEE,OK
40023,CHOCTAW,OK
40025,CIMARRON,OK
40027,CLEVELAND,OK
40029,COAL,OK
40031,COMANCHE,OK
40033,COTTON,OK
40035,CRAIG,OK
40037,CREEK,OK
40039,CUSTER,OK
40041,DELAWARE,OK
40043,DEWEY,OK
40045,ELLIS,OK
40047,GARFIELD,OK
40049,GARVIN,OK
40051,GRADY,OK
40053,GRANT,OK
40055,GREER,OK
40057,HARMON,OK
40059,HARPER,OK
40061,HASKELL,OK
40063,HUGHES,OK
40065,JACKSON,OK
40067,JEFFERSON,OK
40069,JOHNSTON,OK
40071,KAY,OK
40073,KINGFISHER,OK
40075,KIOWA,OK
40077,LATIMER,OK
40079,LE FLORE,OK
40081,LINCOLN,OK
40083,LOGAN,OK
40085,LOVE,OK
40087,MCCLAIN,OK
40089,MCCURTAIN,OK
40091,MCINTOSH,OK
40093,MAJOR,OK
40095,MARSHALL,OK
40097,MAYES,OK
40099,MURRAY,OK
40101,MUSKOGEE,OK
40103,NOBLE,OK
40105,NOWATA,OK
40107,OKFUSKEE,OK
40109,OKLAHOMA,OK
40111,OKMULGEE,OK
40113,OSAGE,OK
40115,OTTAWA,OK
40117,PAWNEE,OK
40119,PAYNE,OK
40121,PITTSBURG,OK
40123,PONTOTOC,OK
40125,POTTAWATOMIE,OK
40127,PUSHMATAHA,OK
40129,ROGER MILLS,OK
40131,ROGERS,OK
40133,SEMINOLE,OK
40135,SEQUOYAH,OK
40137,STEPHENS,OK
40139,TEXAS,OK
40141,TILLMAN,OK
40143,TULSA,OK
40145,WAGONER,OK
40147,WASHINGTON,OK
40149,WASHITA,OK
40151,WOODS,OK
40153,WOODWARD,OK
41000,OREGON,
41001,BAKER,OR
41003,BENTON,OR
41005,CLACKAMAS,OR
41007,CLATSOP,OR
41009,COLUMBIA,OR
41011,COOS,OR
41013,CROOK,OR
41015,CURRY,OR
41017,DESCHUTES,OR
41019,DOUGLAS,OR
41021,GILLIAM,OR
41023,GRANT,OR
41025,HARNEY,OR
41027,HOOD RIVER,OR
41029,JACKSON,OR
41031,JEFFERSON,OR
41033,JOSEPHINE,OR
41035,KLAMATH,OR
41037,LAKE,OR
41039,LANE,OR
41041,LINCOLN,OR
41043,LINN,OR
41045,MALHEUR,OR
41047,MARION,OR
41049,MORROW,OR
41051,MULTNOMAH,OR
41053,POLK,OR
41055,SHERMAN,OR
41057,TILLAMOOK,OR
41059,UMATILLA,OR
41061,UNION,OR
41063,WALLOWA,OR
41065,WASCO,OR
41067,WASHINGTON,OR
41069,WHEELER,OR
41071,YAMHILL,OR
42000,PENNSYLVANIA,
42001,ADAMS,PA
42003,ALLEGHENY,PA
42005,ARMSTRONG,PA
42007,BEAVER,PA
42009,BEDFORD,PA
42011,BERKS,PA
42013,BLAIR,PA
42015,BRADFORD,PA
42017,BUCKS,PA
42019,BUTLER,PA
42021,CAMBRIA,PA
42023,CAMERON,PA
42025,CARBON,PA
42027,CENTRE,PA
42029,CHESTER,PA
42031,CLARION,PA
42033,CLEARFIELD,PA
42035,CLINTON,PA
42037,COLUMBIA,PA
42039,CRAWFORD,PA
42041,CUMBERLAND,PA
42043,DAUPHIN,PA
42045,DELAWARE,PA
42047,ELK,PA
42049,ERIE,PA
42051,FAYETTE,PA
42053,FOREST,PA
42055,FRANKLIN,PA
42057,FULTON,PA
42059,GREENE,PA
42061,HUNTINGDON,PA
42063,INDIANA,PA
42065,JEFFERSON,PA
42067,JUNIATA,PA
42069,LACKAWANNA,PA
42071,LANCASTER,PA
42073,LAWRENCE,PA
42075,LEBANON,PA
42077,LEHIGH,PA
42079,LUZERNE,PA
42081,LYCOMING,PA
42083,MCKEAN,PA
42085,MERCER,PA
42087,MIFFLIN,PA
42089,MONROE,PA
42091,MONTGOMERY,PA
42093,MONTOUR,PA
42095,NORTHAMPTON,PA
42097,NORTHUMBERLAND,PA
42099,PERRY,PA
42101,PHILADELPHIA,PA
42103,PIKE,PA
42105,POTTER,PA
42107,SCHUYLKILL,PA
42109,SNYDER,PA
42111,SOMERSET,PA
42113,SULLIVAN,PA
42115,SUSQUEHANNA,PA
42117,TIOGA,PA
42119,UNION,PA
42121,VENANGO,PA
42123,WARREN,PA
42125,WASHINGTON,PA
42127,WAYNE,PA
42129,WESTMORELAND,PA
42131,WYOMING,PA
42133,YORK,PA
44000,RHODE ISLAND,
44001,BRISTOL,RI
44003,KENT,RI
44005,NEWPORT,RI
44007,PROVIDENCE,RI
44009,WASHINGTON,RI
45000,SOUTH CAROLINA,
45001,ABBEVILLE,SC
45003,AIKEN,SC
45005,ALLENDALE,SC
45007,ANDERSON,SC
45009,BAMBERG,SC
45011,BARNWELL,SC
45013,BEAUFORT,SC
45015,BERKELEY,SC
45017,CALHOUN,SC
45019,CHARLESTON,SC
45021,CHEROKEE,SC
45023,CHESTER,SC
45025,CHESTERFIELD,SC
45027,CLARENDON,SC
45029,COLLETON,SC
45031,DARLINGTON,SC
45033,DILLON,SC
45035,DORCHESTER,SC
45037,EDGEFIELD,SC
45039,FAIRFIELD,SC
45041,FLORENCE,SC
45043,GEORGETOWN,SC
45045,GREENVILLE,SC
45047,GREENWOOD,SC
45049,HAMPTON,SC
45051,HORRY,SC
45053,JASPER,SC
45055,KERSHAW,SC
45057,LANCASTER,SC
45059,LAURENS,SC
45061,LEE,SC
45063,LEXINGTON,SC
45065,MCCORMICK,SC
45067,MARION,SC
45069,MARLBORO,SC
45071,NEWBERRY,SC
45073,OCONEE,SC
45075,ORANGEBURG,SC
45077,PICKENS,SC
45079,RICHLAND,SC
45081,SALUDA,SC
45083,SPARTANBURG,SC
45085,SUMTER,SC
45087,UNION,SC
45089,WILLIAMSBURG,SC
45091,YORK,SC
46000,SOUTH DAKOTA,
46003,AURORA,SD
46005,BEADLE,SD
46007,BENNETT,SD
46009,BON HOMME,SD
46011,BROOKINGS,SD
46013,BROWN,SD
46015,BRULE,SD
46017,BUFFALO,SD
46019,BUTTE,SD
46021,CAMPBELL,SD
46023,CHARLES MIX,SD
46025,CLARK,SD
46027,CLAY,SD
46029,CODINGTON,SD
46031,CORSON,SD
46033,CUSTER,SD
46035,DAVISON,SD
46037,DAY,SD
46039,DEUEL,SD
46041,DEWEY,SD
46043,DOUGLAS,SD
46045,EDMUNDS,SD
46047,FALL RIVER,SD
46049,FAULK,SD
46051,GRANT,SD
46053,GREGORY,SD
46055,HAAKON,SD
46057,HAMLIN,SD
46059,HAND,SD
46061,HANSON,SD
46063,HARDING,SD
46065,HUGHES,SD
46067,HUTCHINSON,SD
46069,HYDE,SD
46071,JACKSON,SD
46073,JERAULD,SD
46075,JONES,SD
46077,KINGSBURY,SD
46079,LAKE,SD
46081,LAWRENCE,SD
46083,LINCOLN,SD
46085,LYMAN,SD
46087,MCCOOK,SD
46089,MCPHERSON,SD
46091,MARSHALL,SD
46093,MEADE,SD
46095,MELLETTE,SD
46097,MINER,SD
46099,MINNEHAHA,SD
46101,MOODY,SD
46103,PENNINGTON,SD
46105,PERKINS,SD
46107,POTTER,SD
46109,ROBERTS,SD
46111,SANBORN,SD
46113,SHANNON,SD
46115,SPINK,SD
46117,STANLEY,SD
46119,SULLY,SD
46121,TODD,SD
46123,TRIPP,SD
46125,TURNER,SD
46127,UNION,SD
46129,WALWORTH,SD
46135,YANKTON,SD
46137,ZIEBACH,SD
47000,TENNESSEE,
47001,ANDERSON,TN
47003,BEDFORD,TN
47005,BENTON,TN
47007,BLEDSOE,TN
47009,BLOUNT,TN
47011,BRADLEY,TN
47013,CAMPBELL,TN
47015,CANNON,TN
47017,CARROLL,TN
47019,CARTER,TN
47021,CHEATHAM,TN
47023,CHESTER,TN
47025,CLAIBORNE,TN
47027,CLAY,TN
47029,COCKE,TN
47031,COFFEE,TN
47033,CROCKETT,TN
47035,CUMBERLAND,TN
47037,DAVIDSON,TN
47039,DECATUR,TN
47041,DEKALB,TN
47043,DICKSON,TN
47045,DYER,TN
47047,FAYETTE,TN
47049,FENTRESS,TN
47051,FRANKLIN,TN
47053,GIBSON,TN
47055,GILES,TN
47057,GRAINGER,TN
47059,GREENE,TN
47061,GRUNDY,TN
47063,HAMBLEN,TN
47065,HAMILTON,TN
47067,HANCOCK,TN
47069,HARDEMAN,TN
47071,HARDIN,TN
47073,HAWKINS,TN
47075,HAYWOOD,TN
47077,HENDERSON,TN
47079,HENRY,TN
47081,HICKMAN,TN
47083,HOUSTON,TN
47085,HUMPHREYS,TN
47087,JACKSON,TN
47089,JEFFERSON,TN
47091,JOHNSON,TN
47093,KNOX,TN
47095,LAKE,TN
47097,LAUDERDALE,TN
47099,LAWRENCE,TN
47101,LEWIS,TN
47103,LINCOLN,TN
47105,LOUDON,TN
47107,MCMINN,TN
47109,MCNAIRY,TN
47111,MACON,TN
47113,MADISON,TN
47115,MARION,TN
47117,MARSHALL,TN
47119,MAURY,TN
47121,MEIGS,TN
47123,MONROE,TN
47125,MONTGOMERY,TN
47127,MOORE,TN
47129,MORGAN,TN
47131,OBION,TN
47133,OVERTON,TN
47135,PERRY,TN
47137,PICKETT,TN
47139,POLK,TN
47141,PUTNAM,TN
47143,RHEA,TN
47145,ROANE,TN
47147,ROBERTSON,TN
47149,RUTHERFORD,TN
47151,SCOTT,TN
47153,SEQUATCHIE,TN
47155,SEVIER,TN
47157,SHELBY,TN
47159,SMITH,TN
47161,STEWART,TN
47163,SULLIVAN,TN
47165,SUMNER,TN
47167,TIPTON,TN
47169,TROUSDALE,TN
47171,UNICOI,TN
47173,UNION,TN
47175,VAN BUREN,TN
47177,WARREN,TN
47179,WASHINGTON,TN
47181,WAYNE,TN
47183,WEAKLEY,TN
47185,WHITE,TN
47187,WILLIAMSON,TN
47189,WILSON,TN
48000,TEXAS,
48001,ANDERSON,TX
48003,ANDREWS,TX
48005,ANGELINA,TX
48007,ARANSAS,TX
48009,ARCHER,TX
48011,ARMSTRONG,TX
48013,ATASCOSA,TX
48015,AUSTIN,TX
48017,BAILEY,TX
48019,BANDERA,TX
48021,BASTROP,TX
48023,BAYLOR,TX
48025,BEE,TX
48027,BELL,TX
48029,BEXAR,TX
48031,BLANCO,TX
48033,BORDEN,TX
48035,BOSQUE,TX
48037,BOWIE,TX
48039,BRAZORIA,TX
48041,BRAZOS,TX
48043,BREWSTER,TX
48045,BRISCOE,TX
48047,BROOKS,TX
48049,BROWN,TX
48051,BURLESON,TX
48053,BURNET,TX
48055,CALDWELL,TX
48057,CALHOUN,TX
48059,CALLAHAN,TX
48061,CAMERON,TX
48063,CAMP,TX
48065,CARSON,TX
48067,CASS,TX
48069,CASTRO,TX
48071,CHAMBERS,TX
48073,CHEROKEE,TX
48075,CHILDRESS,TX
48077,CLAY,TX
48079,COCHRAN,TX
48081,COKE,TX
48083,COLEMAN,TX
48085,COLLIN,TX
48087,COLLINGSWORTH,TX
48089,COLORADO,TX
48091,COMAL,TX
48093,COMANCHE,TX
48095,CONCHO,TX
48097,COOKE,TX
48099,CORYELL,TX
48101,COTTLE,TX
48103,CRANE,TX
48105,CROCKETT,TX
48107,CROSBY,TX
48109,CULBERSON,TX
48111,DALLAM,TX
48113,DALLAS,TX
48115,DAWSON,TX
48117,DEAF SMITH,TX
48119,DELTA,TX
48121,DENTON,TX
48123,DEWITT,TX
48125,DICKENS,TX
48127,DIMMIT,TX
48129,DONLEY,TX
48131,DUVAL,TX
48133,EASTLAND,TX
48135,ECTOR,TX
48137,EDWARDS,TX
48139,ELLIS,TX
48141,EL PASO,TX
48143,ERATH,TX
48145,FALLS,TX
48147,FANNIN,TX
48149,FAYETTE,TX
48151,FISHER,TX
48153,FLOYD,TX
48155,FOARD,TX
48157,FORT BEND,TX
48159,FRANKLIN,TX
48161,FREESTONE,TX
48163,FRIO,TX
48165,GAINES,TX
48167,GALVESTON,TX
48169,GARZA,TX
48171,GILLESPIE,TX
48173,GLASSCOCK,TX
48175,GOLIAD,TX
48177,GONZALES,TX
48179,GRAY,TX
48181,GRAYSON,TX
48183,GREGG,TX
48185,GRIMES,TX
48187,GUADALUPE,TX
48189,HALE,TX
48191,HALL,TX
48193,HAMILTON,TX
48195,HANSFORD,TX
48197,HARDEMAN,TX
48199,HARDIN,TX
48201,HARRIS,TX
48203,HARRISON,TX
48205,HARTLEY,TX
48207,HASKELL,TX
48209,HAYS,TX
48211,HEMPHILL,TX
48213,HENDERSON,TX
48215,HIDALGO,TX
48217,HILL,TX
48219,HOCKLEY,TX
48221,HOOD,TX
48223,HOPKINS,TX
48225,HOUSTON,TX
48227,HOWARD,TX
48229,HUDSPETH,TX
48231,HUNT,TX
48233,HUTCHINSON,TX
48235,IRION,TX
48237,JACK,TX
48239,JACKSON,TX
48241,JASPER,TX
48243,JEFF DAVIS,TX
48245,JEFFERSON,TX
48247,JIM HOGG,TX
48249,JIM WELLS,TX
48251,JOHNSON,TX
48253,JONES,TX
48255,KARNES,TX
48257,KAUFMAN,TX
48259,KENDALL,TX
48261,KENEDY,TX
48263,KENT,TX
48265,KERR,TX
48267,KIMBLE,TX
48269,KING,TX
48271,KINNEY,TX
48273,KLEBERG,TX
48275,KNOX,TX
48277,LAMAR,TX
48279,LAMB,TX
48281,LAMPASAS,TX
48283,LA SALLE,TX
48285,LAVACA,TX
48287,LEE,TX
48289,LEON,TX
48291,LIBERTY,TX
48293,LIMESTONE,TX
48295,LIPSCOMB,TX
48297,LIVE OAK,TX
48299,LLANO,TX
48301,LOVING,TX
48303,LUBBOCK,TX
48305,LYNN,TX
48307,MCCULLOCH,TX
48309,MCLENNAN,TX
48311,MCMULLEN,TX
48313,MADISON,TX
48315,MARION,TX
48317,MARTIN,TX
48319,MASON,TX
48321,MATAGORDA,TX
48323,MAVERICK,TX
48325,MEDINA,TX
48327,MENARD,TX
48329,MIDLAND,TX
48331,MILAM,TX
48333,MILLS,TX
48335,MITCHELL,TX
48337,MONTAGUE,TX
48339,MONTGOMERY,TX
48341,MOORE,TX
48343,MORRIS,TX
48345,MOTLEY,TX
48347,NACOGDOCHES,TX
48349,NAVARRO,TX
48351,NEWTON,TX
48353,NOLAN,TX
48355,NUECES,TX
48357,OCHILTREE,TX
48359,OLDHAM,TX
48361,ORANGE,TX
48363,PALO PINTO,TX
48365,PANOLA,TX
48367,PARKER,TX
48369,PARMER,TX
48371,PECOS,TX
48373,POLK,TX
48375,POTTER,TX
48377,PRESIDIO,TX
48379,RAINS,TX
48381,RANDALL,TX
48383,REAGAN,TX
48385,REAL,TX
48387,RED RIVER,TX
48389,REEVES,TX
48391,REFUGIO,TX
48393,ROBERTS,TX
48395,ROBERTSON,TX
48397,ROCKWALL,TX
48399,RUNNELS,TX
48401,RUSK,TX
48403,SABINE,TX
48405,SAN AUGUSTINE,TX
48407,SAN JACINTO,TX
48409,SAN PATRICIO,TX
48411,SAN SABA,TX
48413,SCHLEICHER,TX
48415,SCURRY,TX
48417,SHACKELFORD,TX
48419,SHELBY,TX
48421,SHERMAN,TX
48423,SMITH,TX
48425,SOMERVELL,TX
48427,STARR,TX
48429,STEPHENS,TX
48431,STERLING,TX
48433,STONEWALL,TX
48435,SUTTON,TX
48437,SWISHER,TX
48439,TARRANT,TX
48441,TAYLOR,TX
48443,TERRELL,TX
48445,TERRY,TX
48447,THROCKMORTON,TX
48449,TITUS,TX
48451,TOM GREEN,TX
48453,TRAVIS,TX
48455,TRINITY,TX
48457,TYLER,TX
48459,UPSHUR,TX
48461,UPTON,TX
48463,UVALDE,TX
48465,VAL VERDE,TX
48467,VAN ZANDT,TX
48469,VICTORIA,TX
48471,WALKER,TX
48473,WALLER,TX
48475,WARD,TX
48477,WASHINGTON,TX
48479,WEBB,TX
48481,WHARTON,TX
48483,WHEELER,TX
48485,WICHITA,TX
48487,WILBARGER,TX
48489,WILLACY,TX
48491,WILLIAMSON,TX
48493,WILSON,TX
48495,WINKLER,TX
48497,WISE,TX
48499,WOOD,TX
48501,YOAKUM,TX
48503,YOUNG,TX
48505,ZAPATA,TX
48507,ZAVALA,TX
49000,UTAH,
49001,BEAVER,UT
49003,BOX ELDER,UT
49005,CACHE,UT
49007,CARBON,UT
49009,DAGGETT,UT
49011,DAVIS,UT
49013,DUCHESNE,UT
49015,EMERY,UT
49017,GARFIELD,UT
49019,GRAND,UT
49021,IRON,UT
49023,JUAB,UT
49025,KANE,UT
49027,MILLARD,UT
49029,MORGAN,UT
49031,PIUTE,UT
49033,RICH,UT
49035,SALT LAKE,UT
49037,SAN JUAN,UT
49039,SANPETE,UT
49041,SEVIER,UT
49043,SUMMIT,UT
49045,TOOELE,UT
49047,UINTAH,UT
49049,UTAH,UT
49051,WASATCH,UT
49053,WASHINGTON,UT
49055,WAYNE,UT
49057,WEBER,UT
50000,VERMONT,
50001,ADDISON,VT
50003,BENNINGTON,VT
50005,CALEDONIA,VT
50007,CHITTENDEN,VT
50009,ESSEX,VT
50011,FRANKLIN,VT
50013,GRAND ISLE,VT
50015,LAMOILLE,VT
50017,ORANGE,VT
50019,ORLEANS,VT
50021,RUTLAND,VT
50023,WASHINGTON,VT
50025,WINDHAM,VT
50027,WINDSOR,VT
51000,VIRGINIA,
51001,ACCOMACK,VA
51003,ALBEMARLE,VA
51005,ALLEGHANY,VA
51007,AMELIA,VA
51009,AMHERST,VA
51011,APPOMATTOX,VA
51013,ARLINGTON,VA
51015,AUGUSTA,VA
51017,BATH,VA
51019,BEDFORD,VA
51021,BLAND,VA
51023,BOTETOURT,VA
51025,BRUNSWICK,VA
51027,BUCHANAN,VA
51029,BUCKINGHAM,VA
51031,CAMPBELL,VA
51033,CAROLINE,VA
51035,CARROLL,VA
51036,CHARLES CITY,VA
51037,CHARLOTTE,VA
51041,CHESTERFIELD,VA
51043,CLARKE,VA
51045,CRAIG,VA
51047,CULPEPER,VA
51049,CUMBERLAND,VA
51051,DICKENSON,VA
51053,DINWIDDIE,VA
51057,ESSEX,VA
51059,FAIRFAX,VA
51061,FAUQUIER,VA
51063,FLOYD,VA
51065,FLUVANNA,VA
51067,FRANKLIN,VA
51069,FREDERICK,VA
51071,GILES,VA
51073,GLOUCESTER,VA
51075,GOOCHLAND,VA
51077,GRAYSON,VA
51079,GREENE,VA
51081,GREENSVILLE,VA
51083,HALIFAX,VA
51085,HANOVER,VA
51087,HENRICO,VA
51089,HENRY,VA
51091,HIGHLAND,VA
51093,ISLE OF WIGHT,VA
51095,JAMES CITY,VA
51097,KING AND QUEEN,VA
51099,KING GEORGE,VA
51101,KING WILLIAM,VA
51103,LANCASTER,VA
51105,LEE,VA
51107,LOUDOUN,VA
51109,LOUISA,VA
51111,LUNENBURG,VA
51113,MADISON,VA
51115,MATHEWS,VA
51117,MECKLENBURG,VA
51119,MIDDLESEX,VA
51121,MONTGOMERY,VA
51125,NELSON,VA
51127,NEW KENT,VA
51131,NORTHAMPTON,VA
51133,NORTHUMBERLAND,VA
51135,NOTTOWAY,VA
51137,ORANGE,VA
51139,PAGE,VA
51141,PATRICK,VA
51143,PITTSYLVANIA,VA
51145,POWHATAN,VA
51147,PRINCE EDWARD,VA
51149,PRINCE GEORGE,VA
51153,PRINCE WILLIAM,VA
51155,PULASKI,VA
51157,RAPPAHANNOCK,VA
51159,RICHMOND,VA
51161,ROANOKE,VA
51163,ROCKBRIDGE,VA
51165,ROCKINGHAM,VA
51167,RUSSELL,VA
51169,SCOTT,VA
51171,SHENANDOAH,VA
51173,SMYTH,VA
51175,SOUTHAMPTON,VA
51177,SPOTSYLVANIA,VA
51179,STAFFORD,VA
51181,SURRY,VA
51183,SUSSEX,VA
51185,TAZEWELL,VA
51187,WARREN,VA
51191,WASHINGTON,VA
51193,WESTMORELAND,VA
51195,WISE,VA
51197,WYTHE,VA
51199,YORK,VA
51510,ALEXANDRIA CITY,VA
51515,BEDFORD CITY,VA
51520,BRISTOL CITY,VA
51530,BUENA VISTA CITY,VA
51540,CHARLOTTESVILLE CITY,VA
51550,CHESAPEAKE CITY,VA
51570,COLONIAL HEIGHTS CITY,VA
51580,COVINGTON CITY,VA
51590,DANVILLE CITY,VA
51595,EMPORIA CITY,VA
51600,FAIRFAX CITY,VA
51610,FALLS CHURCH CITY,VA
51620,FRANKLIN CITY,VA
51630,FREDERICKSBURG CITY,VA
51640,GALAX CITY,VA
51650,HAMPTON CITY,VA
51660,HARRISONBURG CITY,VA
51670,HOPEWELL CITY,VA
51678,LEXINGTON CITY,VA
51680,LYNCHBURG CITY,VA
51683,MANASSAS CITY,VA
51685,MANASSAS PARK CITY,VA
51690,MARTINSVILLE CITY,VA
51700,NEWPORT NEWS CITY,VA
51710,NORFOLK CITY,VA
51720,NORTON CITY,VA
51730,PETERSBURG CITY,VA
51735,POQUOSON CITY,VA
51740,PORTSMOUTH CITY,VA
51750,RADFORD CITY,VA
51760,RICHMOND CITY,VA
51770,ROANOKE CITY,VA
51775,SALEM CITY,VA
51790,STAUNTON CITY,VA
51800,SUFFOLK CITY,VA
51810,VIRGINIA BEACH CITY,VA
51820,WAYNESBORO CITY,VA
51830,WILLIAMSBURG CITY,VA
51840,WINCHESTER CITY,VA
53000,WASHINGTON,
53001,ADAMS,WA
53003,ASOTIN,WA
53005,BENTON,WA
53007,CHELAN,WA
53009,CLALLAM,WA
53011,CLARK,WA
53013,COLUMBIA,WA
53015,COWLITZ,WA
53017,DOUGLAS,WA
53019,FERRY,WA
53021,FRANKLIN,WA
53023,GARFIELD,WA
53025,GRANT,WA
53027,GRAYS HARBOR,WA
53029,ISLAND,WA
53031,JEFFERSON,WA
53033,KING,WA
53035,KITSAP,WA
53037,KITTITAS,WA
53039,KLICKITAT,WA
53041,LEWIS,WA
53043,LINCOLN,WA
53045,MASON,WA
53047,OKANOGAN,WA
53049,PACIFIC,WA
53051,PEND OREILLE,WA
53053,PIERCE,WA
53055,SAN JUAN,WA
53057,SKAGIT,WA
53059,SKAMANIA,WA
53061,SNOHOMISH,WA
53063,SPOKANE,WA
53065,STEVENS,WA
53067,THURSTON,WA
53069,WAHKIAKUM,WA
53071,WALLA WALLA,WA
53073,WHATCOM,WA
53075,WHITMAN,WA
53077,YAKIMA,WA
54000,WEST VIRGINIA,
54001,BARBOUR,WV
54003,BERKELEY,WV
54005,BOONE,WV
54007,BRAXTON,WV
54009,BROOKE,WV
54011,CABELL,WV
54013,CALHOUN,WV
54015,CLAY,WV
54017,DODDRIDGE,WV
54019,FAYETTE,WV
54021,GILMER,WV
54023,GRANT,WV
54025,GREENBRIER,WV
54027,HAMPSHIRE,WV
54029,HANCOCK,WV
54031,HARDY,WV
54033,HARRISON,WV
54035,JACKSON,WV
54037,JEFFERSON,WV
54039,KANAWHA,WV
54041,LEWIS,WV
54043,LINCOLN,WV
54045,LOGAN,WV
54047,MCDOWELL,WV
54049,MARION,WV
54051,MARSHALL,WV
54053,MASON,WV
54055,MERCER,WV
54057,MINERAL,WV
54059,MINGO,WV
54061,MONONGALIA,WV
54063,MONROE,WV
54065,MORGAN,WV
54067,NICHOLAS,WV
54069,OHIO,WV
54071,PENDLETON,WV
54073,PLEASANTS,WV
54075,POCAHONTAS,WV
54077,PRESTON,WV
54079,PUTNAM,WV
54081,RALEIGH,WV
54083,RANDOLPH,WV
54085,RITCHIE,WV
54087,ROANE,WV
54089,SUMMERS,WV
54091,TAYLOR,WV
54093,TUCKER,WV
54095,TYLER,WV
54097,UPSHUR,WV
54099,WAYNE,WV
54101,WEBSTER,WV
54103,WETZEL,WV
54105,WIRT,WV
54107,WOOD,WV
54109,WYOMING,WV
55000,WISCONSIN,
55001,ADAMS,WI
55003,ASHLAND,WI
55005,BARRON,WI
55007,BAYFIELD,WI
55009,BROWN,WI
55011,BUFFALO,WI
55013,BURNETT,WI
55015,CALUMET,WI
55017,CHIPPEWA,WI
55019,CLARK,WI
55021,COLUMBIA,WI
55023,CRAWFORD,WI
55025,DANE,WI
55027,DODGE,WI
55029,DOOR,WI
55031,DOUGLAS,WI
55033,DUNN,WI
55035,EAU CLAIRE,WI
55037,FLORENCE,WI
55039,FOND DU LAC,WI
55041,FOREST,WI
55043,GRANT,WI
55045,GREEN,WI
55047,GREEN LAKE,WI
55049,IOWA,WI
55051,IRON,WI
55053,JACKSON,WI
55055,JEFFERSON,WI
55057,JUNEAU,WI
55059,KENOSHA,WI
55061,KEWAUNEE,WI
55063,LA CROSSE,WI
55065,LAFAYETTE,WI
55067,LANGLADE,WI
55069,LINCOLN,WI
55071,MANITOWOC,WI
55073,MARATHON,WI
55075,MARINETTE,WI
55077,MARQUETTE,WI
55078,MENOMINEE,WI
55079,MILWAUKEE,WI
55081,MONROE,WI
55083,OCONTO,WI
55085,ONEIDA,WI
55087,OUTAGAMIE,WI
55089,OZAUKEE,WI
55091,PEPIN,WI
55093,PIERCE,WI
55095,POLK,WI
55097,PORTAGE,WI
55099,PRICE,WI
55101,RACINE,WI
55103,RICHLAND,WI
55105,ROCK,WI
55107,RUSK,WI
55109,ST. CROIX,WI
55111,SAUK,WI
55113,SAWYER,WI
55115,SHAWANO,WI
55117,SHEBOYGAN,WI
55119,TAYLOR,WI
55121,TREMPEALEAU,WI
55123,VERNON,WI
55125,VILAS,WI
55127,WALWORTH,WI
55129,WASHBURN,WI
55131,WASHINGTON,WI
55133,WAUKESHA,WI
55135,WAUPACA,WI
55137,WAUSHARA,WI
55139,WINNEBAGO,WI
55141,WOOD,WI
56000,WYOMING,
56001,ALBANY,WY
56003,BIG HORN,WY
56005,CAMPBELL,WY
56007,CARBON,WY
56009,CONVERSE,WY
56011,CROOK,WY
56013,FREMONT,WY
56015,GOSHEN,WY
56017,HOT SPRINGS,WY
56019,JOHNSON,WY
56021,LARAMIE,WY
56023,LINCOLN,WY
56025,NATRONA,WY
56027,NIOBRARA,WY
56029,PARK,WY
56031,PLATTE,WY
56033,SHERIDAN,WY
56035,SUBLETTE,WY
56037,SWEETWATER,WY
56039,TETON,WY
56041,UINTA,WY
56043,WASHAKIE,WY
56045,WESTON,WY
